Latitude,Longitude,Population,G25-1,G25-2,G25-3,G25-4,G25-5,G25-6,G25-7,G25-8,G25-9,G25-10,G25-11,G25-12,G25-13,G25-14,G25-15,G25-16,G25-17,G25-18,G25-19,G25-20,G25-21,G25-22,G25-23,G25-24,G25-25
44.356128,51.341052,Kazakhstan_Sarmatian_IA:AIG002.AG,0.103579,0.052808,0.047894,0.052326,-0.023389,0.036535,-0.005875,-0.000692,-0.025975,-0.026971,-0.006333,0.00015,-0.000446,-0.01913,0.016286,0.019093,0.008475,0.022044,0.001006,0.012006,-0.001497,0.016693,-0.000986,0.003615,-0.008981
44.356128,51.341052,Kazakhstan_Sarmatian_IA:AIG003.AG,0.111547,0.052808,0.036204,0.065246,-0.030159,0.026774,0.002585,-0.002538,-0.023111,-0.032802,-0.003735,0.002398,-0.010704,-0.022983,0.016694,0.020551,0.000782,0.002407,0.000754,-0.00075,-0.010107,-0.000124,0.000863,0.00723,-0.005149
44.356128,51.341052,Kazakhstan_Sarmatian_IA_o4:AIG005.AG,0.095611,0.097491,-0.067505,0.00323,-0.06832,0.020359,0.013161,-0.003461,-0.030679,-0.007654,-0.00682,-0.010341,-0.001933,-0.005918,0.013029,0.024264,-0.015646,-0.001647,-0.003142,-0.017133,-0.018093,-0.013725,0.014173,0.002169,0.004311
44.356128,51.341052,Kazakhstan_Sarmatian_IA:AIG006.AG,0.105855,0.052808,0.031678,0.085272,-0.01908,0.027052,0.00047,0.001615,-0.023111,-0.025513,-0.003248,-0.014837,-0.005352,-0.018166,0.020629,0.006232,-0.0103,0.005701,-0.005908,-0.012256,-0.007861,-0.006306,-0.015529,0.003735,0.00491
48.94,74.76,Kazakhstan_Tasmola_EIA:AKB001.AG,0.080814,-0.138112,0.064111,0.046189,-0.031083,0.004462,0.000235,-0.000231,-0.006954,-0.018224,-0.016401,-0.005695,0.000446,-0.020231,0.015608,0.003845,0.002217,-0.003927,-0.005782,0.002751,-0.021462,0.005935,-0.006162,-0.001205,-0.00479
49.33,75.12,Kyrgyzstan_Korgantas_IA_1:BDY001.AG,0.064879,-0.204121,0.057322,0.013889,-0.059396,-0.015897,0.011281,0.013153,-0.003272,-0.008201,-0.012179,-0.002847,0.000892,-0.013349,0.009229,0.000265,-0.016298,0.000127,0.003394,0.00075,-0.018343,0.002968,-0.007272,-0.005422,-0.001796
49.33,75.12,Kyrgyzstan_Korgantas_IA_2:BDY002.AG,0.034147,-0.349342,0.07995,-0.003876,-0.0834,-0.037371,0.00752,0.037614,-0.001023,0.006014,-0.02176,0.0003,0.001189,-0.002064,0.004072,-0.005701,0.007953,-0.018497,0.000503,0.020385,-0.022835,-0.00272,-0.021815,-0.011327,-0.005269
49.33,75.12,Kyrgyzstan_Korgantas_IA_3:BDY003.AG,0.080814,-0.111708,0.055437,0.044251,-0.028313,-0.000279,0.008695,0.007384,-0.008181,-0.009476,-0.024358,-0.002098,0.007582,-0.029314,0.008415,0.009679,0.002477,-0.006968,-0.004148,0.002251,-0.021712,0.009274,0.000493,0.013375,0.005389
51.1387083,75.7151889,Kazakhstan_Birlik_Tasmola_EIA:BIR012.AG,0.033009,-0.412305,0.081458,-0.027455,-0.080938,-0.054105,0.018096,0.018922,0.010431,0.014761,-0.027444,0.003147,-0.000892,0.001514,-0.004207,0.008221,0.000261,-0.00038,0.014832,0.011255,-0.028575,-0.008037,-0.013804,0.004579,-0.006945
47.41,74.77,Kazakhstan_Tasmola_EIA:BKT001.AG,0.08992,-0.061947,0.05506,0.052649,-0.040931,0.011435,0.00329,0.002308,-0.02127,-0.019864,-0.006171,0.001798,0.001784,-0.019818,0.007057,0.00411,-0.011083,0.005448,-0.006034,0.003877,-0.019341,0.003957,-0.005053,0.002771,-0.001197
53.305983,67.648166,Kazakhstan_Botai_Eneolithic:BOT14.SG,0.102441,-0.091398,0.091263,0.174421,-0.087401,0.035977,-0.049352,-0.05769,-0.033337,-0.076175,0.029879,-0.008842,0.019326,-0.066059,0.021308,0.021082,-0.009518,-0.003421,-0.002891,0.000125,-0.04517,0.016817,0.021199,0.006868,-0.00491
53.305983,67.648166,Kazakhstan_Botai_Eneolithic:BOT15.SG,0.101303,-0.064994,0.090886,0.180881,-0.078476,0.043786,-0.037132,-0.049152,-0.030679,-0.082188,0.020948,-0.010641,0.023042,-0.065508,0.02443,0.027711,-0.014864,-0.000127,-0.002011,-0.005878,-0.028325,0.02201,0.019843,0.001325,-0.008742
53.305983,67.648166,Kazakhstan_Botai_Eneolithic:BOT2016.SG,0.104717,-0.088351,0.089378,0.176359,-0.082785,0.039881,-0.042772,-0.048229,-0.022907,-0.082006,0.02517,-0.008842,0.023934,-0.072665,0.020765,0.009812,-0.012517,-0.002027,-0.003645,0.002626,-0.031694,0.01286,0.02428,0.003976,-0.007424
49.3435,86.3711,Kazakhstan_Berel_IA_o1:BRE001.AG,0.084229,-0.135065,0.059585,0.045543,-0.045855,0.013387,0.009165,0.010846,-0.013703,-0.026606,-0.01429,-0.007493,-0.00223,-0.022983,0.018458,-0.000398,-0.01343,-0.001647,0.004525,-0.000125,-0.028075,0.000866,0.005669,0.006507,-0.001078
49.3435,86.3711,Kazakhstan_Berel_IA_o3:BRE002.AG,0.035285,-0.40215,0.084852,-0.019703,-0.079707,-0.040997,0.0094,0.023076,0.013908,0.011116,-0.023059,-0.003597,-0.002676,-0.003303,-0.005972,0.001989,0.002477,0.00114,0.006411,0.01063,-0.026578,-0.001113,-0.010846,-0.008796,0.001676
49.3435,86.3711,Kazakhstan_Berel_IA:BRE003.AG,0.087644,-0.107646,0.065242,0.051034,-0.046778,0.012829,0.00517,-0.005769,-0.015544,-0.028976,-0.003573,-0.001049,0.000892,-0.031103,0.013165,0.013126,0.002217,0.005448,-0.002891,0.004252,-0.021462,0.003215,0.001849,0.005904,-0.011496
49.3435,86.3711,Kazakhstan_Berel_IA:BRE004.AG,0.087644,-0.123895,0.059962,0.043282,-0.048624,-0.000837,0.00141,-0.007846,-0.018407,-0.018041,-0.00682,-0.004496,-0.003419,-0.021056,0.012622,0.011933,0.003651,0.001394,0.000503,0.012006,-0.025081,0.003586,-0.00419,-0.003133,-0.00479
49.3435,86.3711,Kazakhstan_Berel_IA:BRE005.AG,0.086506,-0.090382,0.044123,0.051357,-0.046778,0.014502,0,-0.003231,-0.017589,-0.025878,-0.009256,-0.001049,0.00669,-0.03069,0.012893,0.009679,0.000391,-0.004054,-0.002388,0.005628,-0.026952,0.007172,-0.005423,0.000723,-0.004191
49.3435,86.3711,Kazakhstan_Berel_IA:BRE006.AG,0.080814,-0.128972,0.04978,0.046835,-0.054164,0.006136,0.004935,0.011307,-0.021475,-0.023144,-0.006658,0.00045,-0.004906,-0.030002,0.013165,-0.006232,-0.002868,-0.000127,0.003645,0.007128,-0.030571,0.00779,-0.003451,0.004217,-0.003712
49.3435,86.3711,Kazakhstan_Berel_IA_o2:BRE007.AG,0.063741,-0.251851,0.067505,0.006137,-0.051702,-0.015339,0.0047,0.003231,-0.005113,-0.002005,-0.017213,0.0003,0.001635,-0.009496,0.008143,0.005038,0.001173,0.000253,0.002137,0.016758,-0.0282,0.011252,-0.015899,-0.004097,-0.002036
49.3435,86.3711,Kazakhstan_Berel_IA_o3:BRE008.AG,0.037562,-0.387932,0.081835,-0.019703,-0.072013,-0.04518,0.021386,0.02746,0.003477,0.013121,-0.01835,0.002248,-0.002081,-0.003716,0.001629,-0.001458,-0.005346,-0.004561,-0.003645,0.004502,-0.025081,0.005441,-0.016515,-0.005302,0.005149
49.3435,86.3711,Kazakhstan_Berel_IA:BRE009.AG,0.086506,-0.097491,0.065242,0.053941,-0.041854,-0.001394,-0.007755,-0.001615,-0.014112,-0.024602,-0.010068,0.000749,0.005054,-0.031928,0.018458,0.001458,-0.008214,-0.007601,0.00729,0.009254,-0.030321,-0.001237,0.004437,-0.002169,-0.001916
49.3435,86.3711,Kazakhstan_Berel_IA:BRE010.AG,0.093335,-0.11577,0.050157,0.044251,-0.048624,-0.006972,0.009165,0.008538,-0.016157,-0.020046,-0.006983,-0.001649,-0.006095,-0.017478,0.015201,0.008751,-0.011343,0.000887,0.00264,0.003877,-0.018343,0.001978,-0.005423,0.001566,-0.001317
49.3435,86.3711,Kazakhstan_Berel_IA:BRE011.AG,0.068294,-0.175687,0.062225,0.039083,-0.053548,-0.011992,0.004935,0.01223,-0.011249,-0.022597,-0.013803,-0.000749,0.004906,-0.019955,0.013979,-0.00769,-0.018515,0,0.002891,0.002501,-0.019466,-0.000742,-0.012571,0.00012,0.003832
49.3435,86.3711,Kazakhstan_Berel_IA:BRE012.AG,0.086506,-0.081242,0.061471,0.056848,-0.053856,0.00251,-0.001645,0.000692,-0.016362,-0.032985,-0.006658,-0.001349,0.003865,-0.028075,0.008279,-0.000663,-0.015125,0.00114,0.008045,0.007253,-0.032068,0.002349,-0.001109,-0.004458,-0.005269
49.3435,86.3711,Kazakhstan_Berel_IA:BRE013.AG,0.083091,-0.117801,0.050911,0.051034,-0.051086,0.001116,0.000235,0.001615,-0.016975,-0.033714,-0.002273,-0.005395,0.007136,-0.021882,0.012893,0.009414,-0.001043,0.006461,0,0.011005,-0.015972,0.003091,-0.002711,-0.006989,0.00012
49.3435,86.3711,Kazakhstan_Berel_IA_o3:BRE014.AG,0.040976,-0.357466,0.065242,-0.021641,-0.048932,-0.0251,0.018096,0.020076,0.004909,0.002551,-0.034751,-0.003747,-0.003419,-0.017065,-0.003257,0.002784,0.000522,-0.002407,0.002765,0.016508,-0.01672,0.002102,-0.017871,-0.000482,-0.000359
53.05,70.18,Kazakhstan_Sargat_IA:BRV001.AG,0.091058,-0.020311,0.058077,0.064277,-0.046778,0.003626,-0.00094,-0.006692,-0.015953,-0.032256,-0.000325,-0.005545,-0.000595,-0.028763,0.005972,0.000133,-0.007693,-0.001774,0.001006,-0.01013,-0.007112,0.003957,0.000863,0.005422,-0.005628
50.65421,57.170474,Kazakhstan_Sarmatian_IA:BSB001.AG,0.122929,0.046714,0.036204,0.072352,-0.01508,0.028168,0.005405,-0.002538,-0.02127,-0.029704,0.002923,0.001499,-0.001933,-0.021332,0.021851,0.01074,-0.008475,0.004561,0.010559,-0.001501,-0.003119,-0.006059,0.000123,0.008435,0.004311
50.65421,57.170474,Kazakhstan_Sarmatian_IA:BSB002.AG,0.103579,0.061947,0.040729,0.060401,-0.026774,0.030399,0.00235,0.000692,-0.020248,-0.038999,0.001137,0.00045,0.000595,-0.02491,0.018051,0.012331,0.002608,-0.001014,0.004022,0.004752,0.002995,-0.000866,-0.004067,0.005663,-0.003473
50.65421,57.170474,Kazakhstan_Sarmatian_IA:BSB003.AG,0.113823,0.035544,0.033564,0.059755,-0.021542,0.022869,0.00752,-0.002077,-0.024134,-0.028793,0.00341,0.002698,-0.0055,-0.024359,0.017236,0.024662,0.00352,-0.004561,0.010433,0.005628,0.003743,0.011129,0.009367,-0.00012,-0.004431
50.562039,51.80474,Kazakhstan_Sarmatian_IA:CLK001.AG,0.100164,0.054839,0.041106,0.073967,-0.033545,0.024263,0.00376,-0.010384,-0.034565,-0.048475,0.011854,0.007343,0.002825,-0.02491,0.010586,0.01485,-0.01017,-0.007095,0.00905,-0.005378,-0.012603,-0.004699,-0.007395,0.011568,-0.006466
44.493188,78.281314,Kazakhstan_Saka_IA_o:CSP001.AG,0.071709,-0.052808,0.021496,0.027455,-0.044931,0.005578,-0.015746,0.009923,-0.022498,-0.014761,-0.004222,0.002997,0.000595,-0.034406,0.017236,0.021745,-0.004694,0.002914,-0.013701,0.001501,-0.010606,0.001484,-0.001725,-0.003856,0.002155
44.486812,78.266577,Kazakhstan_Saka_IA:CSP002_CSP005_merge.AG,0.084229,-0.096475,0.055814,0.052649,-0.040623,0.01255,-0.004935,-0.002077,-0.012271,-0.013303,-0.014453,0.006444,-0.00223,-0.023946,0.017779,0.009281,-0.000391,-0.012796,-0.00264,0.009505,-0.016221,-0.006677,0.002465,-0.00241,-0.000958
44.486812,78.266577,Kazakhstan_Saka_IA:CSP003.AG,0.097888,-0.013202,0.037712,0.052972,-0.03416,0.022032,0.00329,0.000923,-0.016771,-0.028429,-0.000812,-0.007194,0.006987,-0.020643,0.016829,0.009016,-0.01369,0.000127,0.007919,-0.001501,-0.016471,0.003215,-0.001602,-0.002048,-0.000838
44.486812,78.266577,Kazakhstan_Saka_IA:CSP004.AG,0.079676,-0.135065,0.061471,0.039729,-0.044008,0.010877,0.002115,0.000462,-0.009408,-0.025695,0.002273,0.001349,0.003568,-0.030139,0.012351,0.002917,-0.01017,0.008615,0.001257,0.000375,-0.017594,0.00272,-0.008381,0.003615,-0.001916
49.1288889,72.9133333,Kazakhstan_CentralSaka_o1:DA10.SG,0.088782,-0.111708,0.048271,0.03876,-0.024004,0.000837,-0.009165,-0.003923,-0.009204,-0.018588,-0.011205,0.003597,-0.006095,-0.028901,0.010043,0.018563,0.002608,-0.003421,-0.002388,0.002001,-0.021587,0.007172,-0.004683,0.005904,0.010418
50.8883333,73.8802778,Kazakhstan_Central_Saka:DA11.SG,0.085367,-0.125926,0.05242,0.044251,-0.035391,0.005857,0.0047,0,-0.007976,-0.023691,-0.019162,-0.001499,0.002676,-0.016928,0.016422,0.013392,-0.002086,-0.001647,0.009176,0.01038,-0.01984,0.00507,-0.001232,-0.000361,0.000958
42.7886987,68.308832,Kazakhstan_Kangju:DA121.SG,0.108132,0.071087,0.001131,0.044251,-0.034776,0.017012,0.00658,-0.000692,-0.033746,-0.034443,0.002273,-0.003897,0.000743,-0.008945,0.012486,0.008088,-0.011995,0.003674,0.001257,-0.008754,-0.007861,-0.000618,0.004314,0.010965,0.001078
42.7886987,68.308832,Kazakhstan_Kangju:DA123.SG,0.093335,0.008124,0.016216,0.040698,-0.040623,0.014502,0.005875,-0.000231,-0.024543,-0.036447,-0.013478,-0.000599,-0.000446,-0.031516,0.015065,0.021214,0.002347,0.003041,0.004274,0.005628,-0.009358,0.00272,-0.003451,-0.000843,0.005029
43.3711111,77.4388889,Kazakhstan_Medieval_Nomad:DA124.SG,0.071709,-0.183811,0.028661,-0.010013,-0.047086,-0.004183,0.00846,0.001846,-0.009817,-0.002916,-0.006333,0.006145,-0.005352,-0.009083,-0.002036,-0.002652,-0.006389,-0.00228,0.003142,-0.004252,-0.019341,0.000618,-0.00456,-0.001566,-0.012574
42.7886987,68.308832,Kazakhstan_Kangju:DA125.SG,0.110408,0.059916,0.026398,0.059109,-0.032621,0.018407,-0.000235,-0.000462,-0.018612,-0.031345,-0.004547,-0.001199,0.000595,-0.018717,0.020765,0.013789,-0.00339,0.003801,-0.006034,-0.014007,-0.013102,0.002597,-0.000123,-0.002771,-0.005149
43.385,77.5411111,Kazakhstan_Medieval_Nomad:DA126.SG,0.075123,-0.13405,0.026776,0.007429,-0.028005,0.010319,0.018096,0.002769,-0.013703,-0.021139,-0.016726,0.000899,-0.003717,-0.0139,0.0076,0.000663,-0.011604,0.00038,0.001634,-0.004752,-0.00574,0.005935,-0.001356,0.008676,-0.008143
42.673326,80.082206,Kazakhstan_TianShan_Hun_o:DA127.SG,0.050082,-0.311768,0.064488,-0.006137,-0.041546,-0.023427,0.0094,0.008538,0.002659,-0.001458,-0.035563,0.000899,0.005946,-0.005505,0.00285,0.00358,-0.000391,0.00038,-0.002011,0.003252,-0.015223,0.001113,-0.013434,0.001084,-0.000599
43.5244444,77.7583333,Kazakhstan_Medieval_Nomad:DA128.SG,0.050082,-0.334109,0.076178,-0.021318,-0.069244,-0.036256,0.022326,0.017307,0.006545,0.009476,-0.024683,0.002698,-0.005798,0.001239,0.005429,0.005569,0.007302,-0.005194,0.00729,0.015632,-0.014849,-0.01286,-0.019596,-0.000482,-0.005508
43.14,76.2252778,Kazakhstan_Nomad_IA:DA129.SG,0.093335,-0.015233,0.023381,0.052972,-0.049548,0.011992,0.005405,-0.003923,-0.020861,-0.031345,0.001299,-0.007343,0.0055,-0.024634,0.014115,0.009812,-0.018906,-0.00228,-0.003771,-0.001501,-0.012728,-0.002473,-0.000863,0.002169,0.011975
49.0981333,75.84315,Kazakhstan_Central_Saka:DA13.SG,0.083091,-0.109677,0.060716,0.051357,-0.040007,0.00753,-0.00423,-0.002308,-0.017794,-0.027882,-0.00406,-0.007343,0.003865,-0.01913,0.022122,0.016706,-0.000522,0.002154,-0.003771,0.01038,-0.017968,0.003339,-0.002835,0.002169,-0.003712
43.3686111,77.4266667,Kazakhstan_TianShan_Saka:DA130.SG,0.103579,-0.024373,0.035072,0.052326,-0.048317,0.006693,0.00235,-0.004846,-0.010022,-0.030798,-0.006171,0.001649,0.014569,-0.033442,0.007465,0.026916,0.008605,0.00266,0.002263,-0.005753,-0.009608,0.007914,0.017131,0.004699,-0.004431
49.12309,75.18855,Kazakhstan_Tasmola_EIA:KSH002.AG,0.080814,-0.111708,0.058077,0.043928,-0.037545,0.008088,0.007285,0.005769,-0.017589,-0.019135,-0.013316,-0.005695,0.005352,-0.016377,0.008686,0.001856,-0.000652,-0.005194,-0.004525,0.004627,-0.015597,0.003215,0.002465,0.002169,0.00479
48.48221,74.42368,Kazakhstan_Tasmola_EIA:KSH004.AG,0.079676,-0.151314,0.058454,0.034884,-0.042469,-0.002231,0.00282,-0.002538,-0.000818,-0.019864,-0.010718,-0.006145,0.000446,-0.015138,0.013436,0.010209,0.008866,-0.000127,-0.005279,0.006003,-0.017968,0.004328,-0.008751,0.000482,-0.006466
48.48834,74.42547,Kazakhstan_Central_Saka:DA16.SG,0.088782,-0.118817,0.058831,0.050711,-0.040007,0.008925,-0.007285,0.000923,-0.01084,-0.020046,-0.012829,-0.002098,0.005352,-0.018304,0.014386,0.009546,0.002738,-0.003927,0.005279,0.014007,-0.018592,0.010758,0,0.003976,-0.002155
51.120728,75.637407,Kazakhstan_CentralSaka_o2:DA17.SG,0.110408,0.049761,0.013576,0.059109,-0.03693,0.028447,0.01081,-0.004846,-0.028838,-0.03098,0.001299,-0.002098,0.003271,-0.020919,0.018594,0.010872,0.012386,0.005574,-0.003394,0.000625,-0.013351,-0.001113,0.000493,-0.001928,0.003592
52.0158333,77.1861111,Kazakhstan_Nomad_HP:DA177.SG,0.035285,-0.396056,0.081835,-0.030685,-0.072629,-0.0502,0.012221,0.017768,0.005727,0.010752,-0.039298,0.000899,-0.004014,0.008395,0.001357,0.001591,0.002217,-0.001014,0.00352,0.022886,-0.004742,-0.010634,-0.027238,-0.000723,0.004311
49.0436111,73.6211111,Kazakhstan_Kipchak1:DA179.SG,0.066017,-0.042652,-0.013199,-0.009044,-0.019696,0.004462,-0.002585,0.008077,-0.008181,-0.010023,-0.009906,0.001199,0.003419,-0.000963,0.002579,0.018563,0.009779,-0.006841,0.005405,-0.002501,0.000374,0.002968,0.003697,0.011568,-0.006706
51.671025,74.67165,Kazakhstan_Nomad_IA_o:DA18.SG,0.09675,0.034528,0.029793,0.063631,-0.03139,0.010877,-0.00517,0.001385,-0.018407,-0.042461,0.001461,-0.001049,-0.001635,-0.031103,0.030673,0.000928,-0.013038,0.004941,-0.006788,-0.003252,-0.008984,-0.008285,-0.004314,0.005061,0.004311
43.068611,68.248889,Kazakhstan_CentralSaka_o2:DA19.SG,0.101303,0.050776,0.01961,0.058786,-0.027697,0.021753,0.008695,0.005307,-0.030474,-0.041732,0.005684,-0.007643,0.004608,-0.020231,0.013165,0.022408,0.002868,-0.000633,-0.005405,0.000125,-0.011355,0.001855,-0.008134,-0.00976,-0.006945
51.671025,74.67165,Kazakhstan_Nomad_Hun_Sarmatian:DA20.SG,0.037562,-0.411289,0.09428,-0.02584,-0.084631,-0.047411,0.015981,0.015461,0.004295,0.014943,-0.018025,0.001948,-0.009514,0.001239,-0.000136,-0.004906,0.00013,-0.000127,0.001383,0.011255,-0.020838,0.005193,-0.017501,-0.001687,0.000958
43.06861111,68.24888889,Kazakhstan_Wusun_LateSaka:DA201.SG,0.092197,-0.01828,0.043746,0.048127,-0.042469,0.012829,-0.00329,-0.00923,-0.027815,-0.030433,-0.00065,0.003597,0.00669,-0.023533,0.017372,0.027844,0.005346,-0.000127,0.006285,0.008504,-0.02009,0.001855,0.015776,0.000361,-0.007664
46.0397222,53.4422222,Kazakhstan_Sarmatian:DA202.SG,0.101303,0.053823,0.037712,0.059755,-0.018157,0.028726,0,0.013615,-0.018203,-0.028247,0.000325,0.000599,0.001933,-0.025047,0.019001,0.012463,-0.011343,-0.001774,0.007039,-0.004002,-0.016346,0.00136,0.001602,0.008194,-0.000239
43.2025,76.9816667,Kazakhstan_SouthEast_Karakhanid:DA203.SG,0.073985,-0.164516,0.025644,-0.002907,-0.048932,-0.006972,0.00893,-0.000462,-0.016975,-0.009112,-0.027768,-0.000749,0.00446,-0.007156,0.005429,0.001724,-0.009518,0.0019,0.001131,-0.002501,-0.006364,0.000989,-0.001232,-0.000482,-0.007065
43.2025,76.9816667,Kazakhstan_Southeast_Karakhanid:DA204.SG,0.067156,-0.15436,0.032432,0.018411,-0.04924,0.000558,-0.001175,0.003,-0.012476,-0.014397,-0.018837,-0.003897,0.001487,-0.015138,0.007736,0.000663,-0.014473,0.00076,0.005782,-0.003001,-0.015972,0.001237,-0.00456,-0.003615,-0.006347
43.2025,76.9816667,Kazakhstan_SouthEast_Karakhanid:DA205.SG,0.060326,-0.197013,0.027153,0.00323,-0.042162,-0.011435,0.00799,0.004846,-0.01309,-0.00893,-0.013641,-0.004196,0.000446,-0.004404,0.007465,0.008353,-0.000391,-0.003041,-0.001257,0.003627,-0.013975,0.002597,-0.001849,-0.00253,-0.002994
41.415234,68.798064,Kazakhstan_Kangju:DA206.SG,0.101303,0.064994,-0.00792,0.027778,-0.030775,0.017849,0.00705,0.001154,-0.028429,-0.027335,0.003897,0.001349,-0.004311,-0.021882,0.012893,0.024662,0.001304,-0.001774,0.002514,-0.006628,-0.003494,-0.000247,0.010846,0.002892,-0.002634
43.06861111,68.24888889,Kazakhstan_Wusun:DA220.SG,0.104717,0.036559,-0.00528,0.052326,-0.045855,0.018407,0.010105,-0.009923,-0.030883,-0.031891,-0.00747,0.001798,0.00669,-0.012799,0.0057,0.005171,-0.010431,-0.003801,0,-0.002376,-0.016346,0.015333,-0.003451,-0.002048,-0.005868
43.1822222,76.4130556,Kazakhstan_IA_Saka:DA221.SG,0.092197,-0.053823,0.04186,0.057817,-0.037238,0.008646,0.000705,-0.000231,-0.018612,-0.031345,-0.004872,-0.001049,0.002973,-0.030965,0.017508,0.01896,0.004824,-0.001267,0.006411,0.008629,-0.009608,0.005812,0.001479,0.003976,0.003353
43.2025,76.9816667,Kazakhstan_Karluk_1:DA222.SG,0.061464,-0.158423,0.01961,0.002907,-0.059703,-0.009761,0.00799,0.011769,-0.014521,-0.011845,-0.019324,-0.001499,0.000595,-0.006468,0.009772,-0.001193,-0.00339,0.007981,0.007919,-0.001626,-0.018592,-0.002226,-0.003697,-0.00482,0.003592
43.06861111,68.24888889,Kazakhstan_Wusun:DA223_noUDG.SG,0.100164,0.01828,0.015839,0.052972,-0.04924,0.026774,0.001645,-0.003,-0.035792,-0.036265,-0.00341,0.000599,0.003865,-0.014313,0.020358,0.006629,-0.019558,0.001267,-0.002514,-0.008879,-0.013601,-0.008285,0.005916,-0.003615,0.000599
41.415234,68.798064,Kazakhstan_Kangju:DA226.SG,0.102441,0.051792,0.030924,0.050065,-0.01908,0.018965,-0.002115,-0.008077,-0.026793,-0.024784,-0.005846,-0.004196,0.000595,-0.019955,0.024294,0.018165,0.00665,-0.00266,-0.001006,-0.002626,-0.007612,-0.007048,-0.002588,0.004458,-0.005508
43.22005,77.84759,Kazakhstan_Wusun_LateSaka_o:DA227.SG,0.092197,0.012186,0.014331,0.055879,-0.037545,0.019801,-0.00423,-0.001385,-0.029451,-0.037358,-0.002923,-0.010491,0.010555,-0.018304,0.020901,0.015115,0.003912,-0.001394,-0.000754,0.002876,-0.004367,0.000618,0.007395,0.004338,0.00012
43.0686111,68.2488889,Kazakhstan_Turk:DA228.SG,0.081953,-0.097491,0.035072,0.005491,0.000923,0.00251,0.0047,0.011769,-0.009204,-0.008383,-0.025495,-0.009741,-0.001635,-0.007294,-0.000407,0.007955,0.00326,-0.003674,-0.002263,0.0005,-0.007112,0.011252,0.001849,0.006748,0.002754
42.4597222,69.6997222,Kazakhstan_Kangju_o1:DA229.SG,0.100164,0.037575,0.029415,0.056848,-0.030467,0.02259,-0.00611,0.007846,-0.02577,-0.030616,-0.011367,-0.003297,0.009068,-0.018029,0.028908,0.024396,-0.00326,-0.003547,-0.005531,0.002876,-0.009982,-0.002597,0.003574,0.010363,-0.001437
52.6925,62.6472222,Kazakhstan_Kipchak2:DA23.SG,0.073985,-0.208184,0.067505,0.015181,-0.056934,-0.015897,0.00799,0.017076,-0.002045,-0.004374,-0.014777,0.001349,0.003122,-0.007844,0.002714,0.002652,0.001695,0.004434,0.005656,0.009755,-0.021462,-0.001484,-0.01023,-0.013014,0.000239
43.2025,76.9816667,Kazakhstan_Karluk_2:DA230.SG,0.064879,-0.136081,0.009805,-0.00646,-0.038776,-0.003068,0.00517,0.006231,-0.020043,-0.010023,-0.017863,-0.001199,-0.003419,-0.005918,0.005429,-0.007558,-0.028424,0.002154,0.000251,0,-0.011729,-0.003339,-0.004067,0.003735,0.005508
52.4908333,76.8394444,Kazakhstan_Andronovo:DA231.SG,0.114961,0.094444,0.062979,0.070737,0.003385,0.028447,0.01081,0.006461,-0.013499,-0.032256,0.009581,0.002548,-0.004311,-0.021332,0.020087,0.005569,-0.00678,0.004307,-0.006913,-0.004127,-0.003868,0.006801,0.000863,0.016749,-0.001317
52.1811111,64.5394444,Kazakhstan_Sarmatian:DA26.SG,0.112685,0.060932,0.039598,0.077843,-0.016003,0.024542,-0.002115,-0.000462,-0.028429,-0.039363,-0.006983,0.001349,0.001635,-0.0278,0.020222,0.024264,0.009127,-0.000253,-0.004148,0.007253,-0.005865,0.00371,-0.001725,0.008435,-0.002754
52.836944,62.893611,Kazakhstan_Nomad_Hun_Sarmatian:DA27.SG,0.040976,-0.368637,0.061471,-0.020995,-0.038161,-0.033188,0.014571,0.022614,0.003681,0.007289,-0.036375,0.002847,0.003122,-0.004679,-0.000271,0.003713,-0.00691,-0.003801,-0.001634,0.004127,-0.015597,0.006306,-0.008381,-0.001325,0.008023
43.0686111,68.2488889,Kazakhstan_GoldenHordeAsian:DA28.SG,0.037562,-0.408243,0.09692,-0.030362,-0.086478,-0.051595,0.019036,0.025384,0.012885,0.022233,-0.026632,0.005395,-0.002973,0.016239,0.005972,-0.004508,0.009909,-0.002534,0.004399,0.024637,-0.023084,-0.018301,-0.026005,-0.000723,-0.004071
43.0686111,68.2488889,Kazakhstan_GoldenHordeEuro:DA29.SG,0.135449,0.123895,0.076178,0.069445,0.044931,0.024263,0.013396,0.014999,-0.004909,-0.035172,-0.008444,-0.011989,0.023934,0.029314,-0.020222,-0.003845,0.00678,-0.002407,0.003394,0.013882,-0.00262,-0.004204,0.008751,-0.007109,0.007424
51.555563,64.705221,Kazakhstan_Sarmatian:DA30.SG,0.100164,0.050776,0.011691,0.049419,-0.028621,0.0251,0.009635,-0.000923,-0.03211,-0.031162,-0.002436,-0.007194,-0.002676,-0.008533,0.024973,-0.001724,-0.025816,-0.00038,-0.001006,-0.003627,-0.003868,-0.003339,0.000863,-0.001446,-0.002874
52.6430556,76.7105556,Kazakhstan_Kimak:DA87.SG,0.073985,-0.138112,0.044877,0.023256,-0.053856,-0.007809,0.006815,-0.001846,-0.022498,-0.017312,-0.00341,-0.003597,-0.007433,-0.000413,0.009636,0.010342,-0.019036,0.004561,-0.000754,-0.017258,-0.019341,-0.005935,-0.005423,-0.008435,-0.000958
43.0686111,68.2488889,Kazakhstan_Turk:DA89.SG,0.081953,-0.072103,0.013199,0.019703,-0.047393,0.006136,0.00611,0.004846,-0.02127,-0.01549,-0.012991,0.001049,-0.000297,-0.014038,0.002986,0.008088,-0.001434,0.004941,0.004274,-0.006753,-0.005989,-0.002473,-0.007272,-0.00494,0.001916
52.1913667,77.026175,Kazakhstan_Nomad_IA:DA92.SG,0.100164,-0.092413,0.046763,0.075582,-0.047393,0.001673,0.00141,-0.001846,-0.012885,-0.034989,0.000325,-0.002248,0.010406,-0.029864,0.015472,0.003713,-0.017602,-0.00266,0.001131,-0.006128,-0.016097,0.002844,0.009367,-0.004579,-0.01425
43.0686111,68.2488889,Kazakhstan_Medieval_Nomad:DA93.SG,0.071709,-0.183811,0.068636,0.031008,-0.056934,-0.010877,0.00094,0.003923,-0.010635,-0.022051,-0.012179,0.001798,-0.000743,-0.016928,0.006922,0.004375,-0.005085,-0.004181,-0.000754,0.003627,-0.023084,0.008656,0.000123,-0.001205,-0.002155
43.0686111,68.2488889,Kazakhstan_Medieval_Nomad:DA94.SG,0.078538,-0.139128,0.053928,0.035853,-0.054164,-0.013387,0.00893,0.016615,-0.008181,-0.008018,-0.010393,-0.014387,0.006838,-0.022983,0.009772,0.007425,0.001043,-0.000633,0.006662,0.004627,-0.018467,0.003215,-0.011092,0.006386,0.001197
52.6164861,76.7502444,Kazakhstan_Nomad_HP:DA95.SG,0.044391,-0.341218,0.082589,-0.017119,-0.07663,-0.034025,0.015511,0.019384,0.003272,0.005285,-0.020623,0.006894,0.005203,-0.004542,-0.002443,0.001193,0.004303,-0.001014,0.008673,0.018509,-0.024831,-0.007543,-0.021199,-0.005904,0.000239
49.134217,75.851817,Kazakhstan_EBA_Yamnaya:Damgaard2018Yamnaya.SG,0.122929,0.082258,0.038466,0.111759,-0.020004,0.049085,-0.00282,-0.009923,-0.053585,-0.071619,-0.00682,0.005095,-0.005203,-0.026561,0.039359,0.018828,0.000261,-0.006081,-0.007793,0.007253,-0.005366,-0.002226,0.011216,0.029161,-0.007305
51.631339,74.66445,Kazakhstan_Central_Steppe_EMBA:EBA1.SG,0.075123,-0.173656,0.086738,0.116281,-0.078168,0.01004,-0.029376,-0.042691,-0.025975,-0.054671,0.015265,-0.008842,0.015163,-0.049957,0.011943,0.010209,-0.008475,-0.00152,0.003645,0.004502,-0.035188,0.007666,0.01405,0.00976,-0.006586
52.629778,76.727647,Kazakhstan_Central_Steppe_EMBA:EBA2.SG,0.081953,-0.156392,0.072407,0.121126,-0.08617,0.021753,-0.036662,-0.039229,-0.017998,-0.059591,0.013803,-0.000899,0.015758,-0.046516,0.019408,-0.001989,-0.025034,0.00038,0.00088,-0.005878,-0.03419,0.007914,0.019473,0.009399,-0.005748
49.52,77.82,Kazakhstan_Tasmola_Saka_IA:ESZ001.AG,0.091058,-0.107646,0.061094,0.053295,-0.035699,0.011156,0.000235,-0.007846,-0.013703,-0.026971,-0.014128,-0.003747,-0.001189,-0.02546,0.011129,0.01074,-0.00352,0.005068,-0.002263,0.005378,-0.015847,0.011747,-0.0053,0.009519,0.003113
49.52,77.82,Kazakhstan_Tasmola_Saka_IA:ESZ002.AG,0.092197,-0.020311,0.028284,0.053618,-0.040931,0.016176,0.006345,-0.001846,-0.017998,-0.028793,-0.00747,-0.002248,0.001933,-0.023121,0.022394,0.015646,-0.01004,0.002154,0.005405,0.002001,-0.013726,0.004946,0.001356,0.006386,-0.004431
49.52,77.82,Kazakhstan_Tasmola_Saka_IA:ESZ003.AG,0.087644,-0.114755,0.059585,0.05491,-0.0397,0.007809,0.000235,-0.006,-0.014726,-0.021868,-0.012179,-0.005545,-0.003717,-0.026424,0.011808,0.0118,0.004694,-0.000127,0.004902,0.006003,-0.014724,0.001607,-0.004067,-0.00253,0.002874
